﻿<?xml version="1.0" encoding="UTF-8" standalone="yes"?>
<addon id="repository.TWTutoriais" name="[B][COLOR red].TWTutoriais Repo[/B][/COLOR]" version="1.0" provider-name="@twttutoriais">
	<extension point="xbmc.addon.repository" name="Repositorio TWTutoriais">
		<info compressed="false">https://raw.githubusercontent.com/BUILDTONYWARLLEY/TONYWARLLEY/master/repo/addon.xml.md5</info>
		<checksum>https://raw.githubusercontent.com/BUILDTONYWARLLEY/TONYWARLLEY/master/repo/addon.xml.md5</checksum>
		<datadir zip="true">https://github.com/BUILDTONYWARLLEY/TONYWARLLEY/tree/master/repo/</datadir>
	</extension>
	<extension point="xbmc.addon.metadata">
		<summary>Repositorio TWTutoriais</summary>
		<description>Repositorio TWTutoriais - Proibido Reproducao sem Previa Autorizacao...kkk Sério?</description>
		<disclaimer></disclaimer>
		<platform>all</platform>
	</extension>
</addon>